NAME,ID,EVENT,template-id,ROLL-NO,EMAIL,Ticket Number,Ticket-ID
John Doe,1,Conference,1,KH.EN.U3CDS22042,kirankichu6151@gmail.com,6LBHOJE8,SAVISHKAARA#2301_6LBHOJE8.png
Alice Smith,2,Workshop,2,KH.EN.U3CDS22043,kirankichu6151@gmail.com,Y4DQHA2X,SAVISHKAARA#2302_Y4DQHA2X.png
Bob Johnson,3,Seminar,3,KH.EN.U3CDS22044,kirankichu6151@gmail.com,SYTBF7XM,SAVISHKAARA#2303_SYTBF7XM.png
Emma Brown,4,Exhibition,4,KH.EN.U3CDS22045,kirankichu6151@gmail.com,FDQFR1RJ,SAVISHKAARA#2304_FDQFR1RJ.png
John Doe,1,Conference,5,KH.EN.U3CDS22042,kirankichu6151@gmail.com,VPHT6NEW,SAVISHKAARA#2301_VPHT6NEW.png
Alice Smith,2,Workshop,6,KH.EN.U3CDS22043,kirankichu6151@gmail.com,SKUC049O,SAVISHKAARA#2302_SKUC049O.png
Bob Johnson,3,Seminar,7,KH.EN.U3CDS22044,kirankichu6151@gmail.com,LJKX4MTE,SAVISHKAARA#2303_LJKX4MTE.png
Emma Brown,4,Exhibition,8,KH.EN.U3CDS22045,kirankichu6151@gmail.com,UT4WAY84,SAVISHKAARA#2304_UT4WAY84.png
John Doe,1,Conference,9,KH.EN.U3CDS22042,kirankichu6151@gmail.com,LZMN6D6S,SAVISHKAARA#2301_LZMN6D6S.png
Alice Smith,2,Workshop,10,KH.EN.U3CDS22043,kirankichu6151@gmail.com,QVBY4LQE,SAVISHKAARA#2302_QVBY4LQE.png
Bob Johnson,3,Seminar,11,KH.EN.U3CDS22044,kirankichu6151@gmail.com,5CSLU3HD,SAVISHKAARA#2303_5CSLU3HD.png
Emma Brown,4,Exhibition,12,KH.EN.U3CDS22045,kirankichu6151@gmail.com,SXUXEDQW,SAVISHKAARA#2304_SXUXEDQW.png
John Doe,1,Conference,1,KH.EN.U3CDS22042,kirankichu6151@gmail.com,LNESP5PD,SAVISHKAARA#2301_LNESP5PD.png
Alice Smith,2,Workshop,2,KH.EN.U3CDS22043,kirankichu6151@gmail.com,O43OT11W,SAVISHKAARA#2302_O43OT11W.png
Bob Johnson,3,Seminar,3,KH.EN.U3CDS22044,kirankichu6151@gmail.com,1P6BSRGR,SAVISHKAARA#2303_1P6BSRGR.png
Emma Brown,4,Exhibition,4,KH.EN.U3CDS22045,kirankichu6151@gmail.com,0K0AXGW6,SAVISHKAARA#2304_0K0AXGW6.png
John Doe,1,Conference,5,KH.EN.U3CDS22042,kirankichu6151@gmail.com,V7414BQO,SAVISHKAARA#2301_V7414BQO.png
Alice Smith,2,Workshop,6,KH.EN.U3CDS22043,kirankichu6151@gmail.com,UCE6SO9K,SAVISHKAARA#2302_UCE6SO9K.png
Bob Johnson,3,Seminar,7,KH.EN.U3CDS22044,kirankichu6151@gmail.com,ZDOVHDZF,SAVISHKAARA#2303_ZDOVHDZF.png
Emma Brown,4,Exhibition,8,KH.EN.U3CDS22045,kirankichu6151@gmail.com,QJ4RUBAZ,SAVISHKAARA#2304_QJ4RUBAZ.png
John Doe,1,Conference,9,KH.EN.U3CDS22042,kirankichu6151@gmail.com,ASLGFDOE,SAVISHKAARA#2301_ASLGFDOE.png
Alice Smith,2,Workshop,10,KH.EN.U3CDS22043,kirankichu6151@gmail.com,CCM3LSMC,SAVISHKAARA#2302_CCM3LSMC.png
Bob Johnson,3,Seminar,11,KH.EN.U3CDS22044,kirankichu6151@gmail.com,G6TA8GXC,SAVISHKAARA#2303_G6TA8GXC.png
Emma Brown,4,Exhibition,12,KH.EN.U3CDS22045,kirankichu6151@gmail.com,C3VROSWC,SAVISHKAARA#2304_C3VROSWC.png
John Doe,1,Conference,1,KH.EN.U3CDS22042,kirankichu6151@gmail.com,5011YEEW,SAVISHKAARA#2301_5011YEEW.png
Alice Smith,2,Workshop,2,KH.EN.U3CDS22043,kirankichu6151@gmail.com,ZPG9AEF2,SAVISHKAARA#2302_ZPG9AEF2.png
Bob Johnson,3,Seminar,3,KH.EN.U3CDS22044,kirankichu6151@gmail.com,9XRYX594,SAVISHKAARA#2303_9XRYX594.png
Emma Brown,4,Exhibition,4,KH.EN.U3CDS22045,kirankichu6151@gmail.com,HWE27UAV,SAVISHKAARA#2304_HWE27UAV.png
John Doe,1,Conference,5,KH.EN.U3CDS22042,kirankichu6151@gmail.com,VS7RC6HJ,SAVISHKAARA#2301_VS7RC6HJ.png
Alice Smith,2,Workshop,6,KH.EN.U3CDS22043,kirankichu6151@gmail.com,5V1M2MPA,SAVISHKAARA#2302_5V1M2MPA.png
Bob Johnson,3,Seminar,7,KH.EN.U3CDS22044,kirankichu6151@gmail.com,XDZ9B7YY,SAVISHKAARA#2303_XDZ9B7YY.png
Emma Brown,4,Exhibition,8,KH.EN.U3CDS22045,kirankichu6151@gmail.com,F3IRNEWB,SAVISHKAARA#2304_F3IRNEWB.png
John Doe,1,Conference,9,KH.EN.U3CDS22042,kirankichu6151@gmail.com,UM4I0NH6,SAVISHKAARA#2301_UM4I0NH6.png
Alice Smith,2,Workshop,10,KH.EN.U3CDS22043,kirankichu6151@gmail.com,MEVX2DZK,SAVISHKAARA#2302_MEVX2DZK.png
Bob Johnson,3,Seminar,11,KH.EN.U3CDS22044,kirankichu6151@gmail.com,L9NCD8SH,SAVISHKAARA#2303_L9NCD8SH.png
Emma Brown,4,Exhibition,12,KH.EN.U3CDS22045,kirankichu6151@gmail.com,DRKKGHNG,SAVISHKAARA#2304_DRKKGHNG.png
John Doe,1,Conference,1,KH.EN.U3CDS22042,kirankichu6151@gmail.com,R7GOJBS2,SAVISHKAARA#2301_R7GOJBS2.png
Alice Smith,2,Workshop,2,KH.EN.U3CDS22043,kirankichu6151@gmail.com,84CWTEMP,SAVISHKAARA#2302_84CWTEMP.png
Bob Johnson,3,Seminar,3,KH.EN.U3CDS22044,kirankichu6151@gmail.com,KBL3EXO9,SAVISHKAARA#2303_KBL3EXO9.png
Emma Brown,4,Exhibition,4,KH.EN.U3CDS22045,kirankichu6151@gmail.com,4SDFTUZK,SAVISHKAARA#2304_4SDFTUZK.png
John Doe,1,Conference,5,KH.EN.U3CDS22042,kirankichu6151@gmail.com,A0E7WASP,SAVISHKAARA#2301_A0E7WASP.png
Alice Smith,2,Workshop,6,KH.EN.U3CDS22043,kirankichu6151@gmail.com,V3RT54K7,SAVISHKAARA#2302_V3RT54K7.png
Bob Johnson,3,Seminar,7,KH.EN.U3CDS22044,kirankichu6151@gmail.com,XTATCUND,SAVISHKAARA#2303_XTATCUND.png
Emma Brown,4,Exhibition,8,KH.EN.U3CDS22045,kirankichu6151@gmail.com,TZKM1Y1N,SAVISHKAARA#2304_TZKM1Y1N.png
John Doe,1,Conference,9,KH.EN.U3CDS22042,kirankichu6151@gmail.com,QSN0I8SA,SAVISHKAARA#2301_QSN0I8SA.png
Alice Smith,2,Workshop,10,KH.EN.U3CDS22043,kirankichu6151@gmail.com,7JR0C6U2,SAVISHKAARA#2302_7JR0C6U2.png
Bob Johnson,3,Seminar,11,KH.EN.U3CDS22044,kirankichu6151@gmail.com,DPE687T9,SAVISHKAARA#2303_DPE687T9.png
Emma Brown,4,Exhibition,12,KH.EN.U3CDS22045,kirankichu6151@gmail.com,SUIC92SJ,SAVISHKAARA#2304_SUIC92SJ.png
John Doe,1,Conference,1,KH.EN.U3CDS22042,kirankichu6151@gmail.com,KGG4GDUS,SAVISHKAARA#2301_KGG4GDUS.png
Alice Smith,2,Workshop,2,KH.EN.U3CDS22043,kirankichu6151@gmail.com,31JDRVKB,SAVISHKAARA#2302_31JDRVKB.png
Bob Johnson,3,Seminar,3,KH.EN.U3CDS22044,kirankichu6151@gmail.com,6BG9G9A6,SAVISHKAARA#2303_6BG9G9A6.png
Emma Brown,4,Exhibition,4,KH.EN.U3CDS22045,kirankichu6151@gmail.com,4SUB98EM,SAVISHKAARA#2304_4SUB98EM.png
John Doe,1,Conference,5,KH.EN.U3CDS22042,kirankichu6151@gmail.com,LPI976J6,SAVISHKAARA#2301_LPI976J6.png
Alice Smith,2,Workshop,6,KH.EN.U3CDS22043,kirankichu6151@gmail.com,EC48JRCV,SAVISHKAARA#2302_EC48JRCV.png
Bob Johnson,3,Seminar,7,KH.EN.U3CDS22044,kirankichu6151@gmail.com,YEIHV9U0,SAVISHKAARA#2303_YEIHV9U0.png
Emma Brown,4,Exhibition,8,KH.EN.U3CDS22045,kirankichu6151@gmail.com,6RY6QPTN,SAVISHKAARA#2304_6RY6QPTN.png
John Doe,1,Conference,9,KH.EN.U3CDS22042,kirankichu6151@gmail.com,PV1RE3OQ,SAVISHKAARA#2301_PV1RE3OQ.png
Alice Smith,2,Workshop,10,KH.EN.U3CDS22043,kirankichu6151@gmail.com,QYUIC1JK,SAVISHKAARA#2302_QYUIC1JK.png
Bob Johnson,3,Seminar,11,KH.EN.U3CDS22044,kirankichu6151@gmail.com,B08SRCAV,SAVISHKAARA#2303_B08SRCAV.png
Emma Brown,4,Exhibition,12,KH.EN.U3CDS22045,kirankichu6151@gmail.com,N36TMX9E,SAVISHKAARA#2304_N36TMX9E.png
John Doe,1,Conference,1,KH.EN.U3CDS22042,kirankichu6151@gmail.com,CZ2K7CPJ,SAVISHKAARA#2301_CZ2K7CPJ.png
Alice Smith,2,Workshop,2,KH.EN.U3CDS22043,kirankichu6151@gmail.com,V9USE82Y,SAVISHKAARA#2302_V9USE82Y.png
Bob Johnson,3,Seminar,3,KH.EN.U3CDS22044,kirankichu6151@gmail.com,I8NB0PCD,SAVISHKAARA#2303_I8NB0PCD.png
Emma Brown,4,Exhibition,4,KH.EN.U3CDS22045,kirankichu6151@gmail.com,P7MF940H,SAVISHKAARA#2304_P7MF940H.png
John Doe,1,Conference,5,KH.EN.U3CDS22042,kirankichu6151@gmail.com,UD8RKSDH,SAVISHKAARA#2301_UD8RKSDH.png
Alice Smith,2,Workshop,6,KH.EN.U3CDS22043,kirankichu6151@gmail.com,DMPMYFCF,SAVISHKAARA#2302_DMPMYFCF.png
Bob Johnson,3,Seminar,7,KH.EN.U3CDS22044,kirankichu6151@gmail.com,25PKDEOU,SAVISHKAARA#2303_25PKDEOU.png
Emma Brown,4,Exhibition,8,KH.EN.U3CDS22045,kirankichu6151@gmail.com,GCW11FMW,SAVISHKAARA#2304_GCW11FMW.png
John Doe,1,Conference,9,KH.EN.U3CDS22042,kirankichu6151@gmail.com,Z6UD1QVK,SAVISHKAARA#2301_Z6UD1QVK.png
Alice Smith,2,Workshop,10,KH.EN.U3CDS22043,kirankichu6151@gmail.com,OF14L5G9,SAVISHKAARA#2302_OF14L5G9.png
Bob Johnson,3,Seminar,11,KH.EN.U3CDS22044,kirankichu6151@gmail.com,4SQX43U9,SAVISHKAARA#2303_4SQX43U9.png
Emma Brown,4,Exhibition,12,KH.EN.U3CDS22045,kirankichu6151@gmail.com,7BWG7KCU,SAVISHKAARA#2304_7BWG7KCU.png
John Doe,1,Conference,1,KH.EN.U3CDS22042,kirankichu6151@gmail.com,MW3HYS3F,SAVISHKAARA#2301_MW3HYS3F.png
Alice Smith,2,Workshop,2,KH.EN.U3CDS22043,kirankichu6151@gmail.com,9YS2EUYH,SAVISHKAARA#2302_9YS2EUYH.png
Bob Johnson,3,Seminar,3,KH.EN.U3CDS22044,kirankichu6151@gmail.com,RCU6F083,SAVISHKAARA#2303_RCU6F083.png
Emma Brown,4,Exhibition,4,KH.EN.U3CDS22045,kirankichu6151@gmail.com,IAJEQYZE,SAVISHKAARA#2304_IAJEQYZE.png
John Doe,1,Conference,5,KH.EN.U3CDS22042,kirankichu6151@gmail.com,A9A65CJU,SAVISHKAARA#2301_A9A65CJU.png
Alice Smith,2,Workshop,6,KH.EN.U3CDS22043,kirankichu6151@gmail.com,5I80MS21,SAVISHKAARA#2302_5I80MS21.png
Bob Johnson,3,Seminar,7,KH.EN.U3CDS22044,kirankichu6151@gmail.com,Y8XBC0N1,SAVISHKAARA#2303_Y8XBC0N1.png
Emma Brown,4,Exhibition,8,KH.EN.U3CDS22045,kirankichu6151@gmail.com,P2SRH4XZ,SAVISHKAARA#2304_P2SRH4XZ.png
John Doe,1,Conference,9,KH.EN.U3CDS22042,kirankichu6151@gmail.com,V04HFJ1P,SAVISHKAARA#2301_V04HFJ1P.png
Alice Smith,2,Workshop,10,KH.EN.U3CDS22043,kirankichu6151@gmail.com,KM64L1ST,SAVISHKAARA#2302_KM64L1ST.png
Bob Johnson,3,Seminar,11,KH.EN.U3CDS22044,kirankichu6151@gmail.com,2X6UJ3P5,SAVISHKAARA#2303_2X6UJ3P5.png
Emma Brown,4,Exhibition,12,KH.EN.U3CDS22045,kirankichu6151@gmail.com,F143PUBC,SAVISHKAARA#2304_F143PUBC.png
John Doe,1,Conference,1,KH.EN.U3CDS22042,kirankichu6151@gmail.com,W2CWLAJH,SAVISHKAARA#2301_W2CWLAJH.png
Alice Smith,2,Workshop,2,KH.EN.U3CDS22043,kirankichu6151@gmail.com,CA6MGDTY,SAVISHKAARA#2302_CA6MGDTY.png
Bob Johnson,3,Seminar,3,KH.EN.U3CDS22044,kirankichu6151@gmail.com,0MS2Z796,SAVISHKAARA#2303_0MS2Z796.png
Emma Brown,4,Exhibition,4,KH.EN.U3CDS22045,kirankichu6151@gmail.com,5FIOY39E,SAVISHKAARA#2304_5FIOY39E.png
John Doe,1,Conference,5,KH.EN.U3CDS22042,kirankichu6151@gmail.com,XZL4MY7M,SAVISHKAARA#2301_XZL4MY7M.png
Alice Smith,2,Workshop,6,KH.EN.U3CDS22043,kirankichu6151@gmail.com,CNB9YJ36,SAVISHKAARA#2302_CNB9YJ36.png
Bob Johnson,3,Seminar,7,KH.EN.U3CDS22044,kirankichu6151@gmail.com,14QPB6ZZ,SAVISHKAARA#2303_14QPB6ZZ.png
Emma Brown,4,Exhibition,8,KH.EN.U3CDS22045,kirankichu6151@gmail.com,UDC21N22,SAVISHKAARA#2304_UDC21N22.png
John Doe,1,Conference,9,KH.EN.U3CDS22042,kirankichu6151@gmail.com,1ZPTYH9L,SAVISHKAARA#2301_1ZPTYH9L.png
Alice Smith,2,Workshop,10,KH.EN.U3CDS22043,kirankichu6151@gmail.com,ITAS17OV,SAVISHKAARA#2302_ITAS17OV.png
Bob Johnson,3,Seminar,11,KH.EN.U3CDS22044,kirankichu6151@gmail.com,YFFXYLEQ,SAVISHKAARA#2303_YFFXYLEQ.png
Emma Brown,4,Exhibition,12,KH.EN.U3CDS22045,kirankichu6151@gmail.com,S569R1M2,SAVISHKAARA#2304_S569R1M2.png
John Doe,1,Conference,1,KH.EN.U3CDS22042,kirankichu6151@gmail.com,SJO79L6F,SAVISHKAARA#2301_SJO79L6F.png
Alice Smith,2,Workshop,2,KH.EN.U3CDS22043,kirankichu6151@gmail.com,E1KO326O,SAVISHKAARA#2302_E1KO326O.png
Bob Johnson,3,Seminar,3,KH.EN.U3CDS22044,kirankichu6151@gmail.com,0P7GSR2V,SAVISHKAARA#2303_0P7GSR2V.png
Emma Brown,4,Exhibition,4,KH.EN.U3CDS22045,kirankichu6151@gmail.com,LWNY9LWS,SAVISHKAARA#2304_LWNY9LWS.png
John Doe,1,Conference,5,KH.EN.U3CDS22042,kirankichu6151@gmail.com,2P6CLZQM,SAVISHKAARA#2301_2P6CLZQM.png
Alice Smith,2,Workshop,6,KH.EN.U3CDS22043,kirankichu6151@gmail.com,VTNT1CPB,SAVISHKAARA#2302_VTNT1CPB.png
Bob Johnson,3,Seminar,7,KH.EN.U3CDS22044,kirankichu6151@gmail.com,EJU5R1TU,SAVISHKAARA#2303_EJU5R1TU.png
Emma Brown,4,Exhibition,8,KH.EN.U3CDS22045,kirankichu6151@gmail.com,INVWT1XO,SAVISHKAARA#2304_INVWT1XO.png
John Doe,1,Conference,9,KH.EN.U3CDS22042,kirankichu6151@gmail.com,6002RRTZ,SAVISHKAARA#2301_6002RRTZ.png
Alice Smith,2,Workshop,10,KH.EN.U3CDS22043,kirankichu6151@gmail.com,6RYCDKQO,SAVISHKAARA#2302_6RYCDKQO.png
Bob Johnson,3,Seminar,11,KH.EN.U3CDS22044,kirankichu6151@gmail.com,PFB4Y1LU,SAVISHKAARA#2303_PFB4Y1LU.png
Emma Brown,4,Exhibition,12,KH.EN.U3CDS22045,kirankichu6151@gmail.com,LOLA3955,SAVISHKAARA#2304_LOLA3955.png
